{
  "project_info": {
    "project_number": "71649994629",
    "project_id": "quizy-5f7c4",
    "storage_bucket": "quizy-5f7c4.appspot.com"
  },
  "client": [
    {
      "client_info": {
        "mobilesdk_app_id": "1:71649994629:android:c5f735b82e2da364df46ec",
        "android_client_info": {
          "package_name": "com.app.quizy"
        }
      },
      "oauth_client": [
        {
          "client_id": "71649994629-7dhhb1mfh1kcfl6u86i8gpvv5ihu6g42.apps.googleusercontent.com",
          "client_type": 3
        }
      ],
      "api_key": [
        {
          "current_key": "AIzaSyBJE6TTlpH2uE8K4cE2qkxQ4oomRi6Ysrw"
        }
      ],
      "services": {
        "appinvite_service": {
          "other_platform_oauth_client": [
            {
              "client_id": "71649994629-7dhhb1mfh1kcfl6u86i8gpvv5ihu6g42.apps.googleusercontent.com",
              "client_type": 3
            }
          ]
        }
      }
    },
    {
      "client_info": {
        "mobilesdk_app_id": "1:71649994629:android:55cab0a961252f21df46ec",
        "android_client_info": {
          "package_name": "com.apps.quizy"
        }
      },
      "oauth_client": [
        {
          "client_id": "71649994629-7dhhb1mfh1kcfl6u86i8gpvv5ihu6g42.apps.googleusercontent.com",
          "client_type": 3
        }
      ],
      "api_key": [
        {
          "current_key": "AIzaSyBJE6TTlpH2uE8K4cE2qkxQ4oomRi6Ysrw"
        }
      ],
      "services": {
        "appinvite_service": {
          "other_platform_oauth_client": [
            {
              "client_id": "71649994629-7dhhb1mfh1kcfl6u86i8gpvv5ihu6g42.apps.googleusercontent.com",
              "client_type": 3
            }
          ]
        }
      }
    }
  ],
  "configuration_version": "1"
}